{
  "rows": 2498,
  "train_rows": 1998,
  "test_rows": 500,
  "mae": 0.015673482790589333,
  "r2": 0.901894211769104,
  "train_seconds": 0.03765368461608887,
  "features": [
    "pga_g",
    "pgv",
    "era_code"
  ],
  "runtime": {
    "tree_method": "hist",
    "device": "cpu"
  },
  "feature_importances": {
    "pga_g": 0.5270825028419495,
    "pgv": 0.37096136808395386,
    "era_code": 0.10195611417293549
  },
  "model_path": "artifacts/xgb_damage_model.json"
}