{
  "rows": 2498,
  "train_rows": 1998,
  "test_rows": 500,
  "mae": 0.00015358977543655783,
  "r2": 0.9999642968177795,
  "train_seconds": 0.7040343284606934,
  "features": [
    "pga_g",
    "pgv",
    "era_code"
  ],
  "runtime": {
    "tree_method": "hist",
    "device": "cuda"
  },
  "feature_importances": {
    "pga_g": 0.4296424686908722,
    "pgv": 0.3737487196922302,
    "era_code": 0.1966087967157364
  },
  "model_path": "artifacts/xgb_damage_model.json"
}